id,name,title,bio
kate_chen,Kate Chen,Junior Engineer,Kate is a passionate junior engineer interested in building great things.
neil_moore,Neil Moore,Backend Engineer,Neil is a passionate backend engineer interested in building great things.
maya_hernandez,Maya Hernandez,Principal Engineer,Maya is a passionate principal engineer interested in building great things.
vera_thomas,Vera Thomas,DevOps Engineer,Vera is a passionate devops engineer interested in building great things.
diana_wang,Diana Wang,VP Engineering,Diana is a passionate vp engineering interested in building great things.
pia_anderson,Pia Anderson,Senior Engineer,Pia is a passionate senior engineer interested in building great things.
dave_anderson,Dave Anderson,Data Engineer,Dave is a passionate data engineer interested in building great things.
uma_kim,Uma Kim,VP Engineering,Uma is a passionate vp engineering interested in building great things.
eve_wilson,Eve Wilson,Staff Engineer,Eve is a passionate staff engineer interested in building great things.
uri_lee,Uri Lee,Product Manager,Uri is a passionate product manager interested in building great things.
quinn_fernandez,Quinn Fernandez,Data Scientist,Quinn is a passionate data scientist interested in building great things.
quinn_santos,Quinn Santos,Full Stack Engineer,Quinn is a passionate full stack engineer interested in building great things.
quinn_rodriguez,Quinn Rodriguez,CTO,Quinn is a passionate cto interested in building great things.
will_moreno,Will Moreno,VP Engineering,Will is a passionate vp engineering interested in building great things.
will_oh,Will Oh,Staff Engineer,Will is a passionate staff engineer interested in building great things.
zoe_chen,Zoe Chen,CTO,Zoe is a passionate cto interested in building great things.
iris_gomez,Iris Gomez,Tech Lead,Iris is a passionate tech lead interested in building great things.
frank_brown,Frank Brown,Frontend Engineer,Frank is a passionate frontend engineer interested in building great things.
jack_hernandez,Jack Hernandez,AI Researcher,Jack is a passionate ai researcher interested in building great things.
maya_jones,Maya Jones,Data Scientist,Maya is a passionate data scientist interested in building great things.
yara_santos,Yara Santos,Engineering Manager,Yara is a passionate engineering manager interested in building great things.
quinn_johnson,Quinn Johnson,Frontend Engineer,Quinn is a passionate frontend engineer interested in building great things.
stefan_moreno,Stefan Moreno,VP Engineering,Stefan is a passionate vp engineering interested in building great things.
quinn_kumar,Quinn Kumar,Frontend Engineer,Quinn is a passionate frontend engineer interested in building great things.
sam_oh,Sam Oh,DevOps Engineer,Sam is a passionate devops engineer interested in building great things.
diana_johnson,Diana Johnson,VP Engineering,Diana is a passionate vp engineering interested in building great things.
george_lopez,George Lopez,Engineering Manager,George is a passionate engineering manager interested in building great things.
grace_martin,Grace Martin,Engineering Manager,Grace is a passionate engineering manager interested in building great things.
maya_gonzalez,Maya Gonzalez,Full Stack Engineer,Maya is a passionate full stack engineer interested in building great things.
xavier_hernandez,Xavier Hernandez,Principal Engineer,Xavier is a passionate principal engineer interested in building great things.
hannah_johnson,Hannah Johnson,Intern,Hannah is a passionate intern interested in building great things.
uma_fernandez,Uma Fernandez,ML Engineer,Uma is a passionate ml engineer interested in building great things.
henry_chen,Henry Chen,Engineering Lead,Henry is a passionate engineering lead interested in building great things.
paul_brown,Paul Brown,CTO,Paul is a passionate cto interested in building great things.
kevin_garcia,Kevin Garcia,Backend Engineer,Kevin is a passionate backend engineer interested in building great things.
vera_fernandez,Vera Fernandez,Backend Engineer,Vera is a passionate backend engineer interested in building great things.
ian_rodriguez,Ian Rodriguez,Full Stack Engineer,Ian is a passionate full stack engineer interested in building great things.
ruth_perez,Ruth Perez,Principal Engineer,Ruth is a passionate principal engineer interested in building great things.
kate_taylor,Kate Taylor,Engineering Manager,Kate is a passionate engineering manager interested in building great things.
maya_oh,Maya Oh,Product Manager,Maya is a passionate product manager interested in building great things.
ian_gonzalez,Ian Gonzalez,Engineering Lead,Ian is a passionate engineering lead interested in building great things.
zoe_chen_1,Zoe Chen,Solutions Architect,Zoe is a passionate solutions architect interested in building great things.
hannah_silva,Hannah Silva,Frontend Engineer,Hannah is a passionate frontend engineer interested in building great things.
paul_anderson,Paul Anderson,Backend Engineer,Paul is a passionate backend engineer interested in building great things.
victor_smith,Victor Smith,Staff Engineer,Victor is a passionate staff engineer interested in building great things.
julia_anderson,Julia Anderson,Staff Engineer,Julia is a passionate staff engineer interested in building great things.
olivia_johnson,Olivia Johnson,Backend Engineer,Olivia is a passionate backend engineer interested in building great things.
uri_brown,Uri Brown,CTO,Uri is a passionate cto interested in building great things.
eve_williams,Eve Williams,Senior Engineer,Eve is a passionate senior engineer interested in building great things.
eve_gomez,Eve Gomez,CTO,Eve is a passionate cto interested in building great things.
rachel_fernandez,Rachel Fernandez,Product Manager,Rachel is a passionate product manager interested in building great things.
ian_rodriguez_1,Ian Rodriguez,Staff Engineer,Ian is a passionate staff engineer interested in building great things.
kevin_perez,Kevin Perez,CTO,Kevin is a passionate cto interested in building great things.
ethan_park,Ethan Park,Product Manager,Ethan is a passionate product manager interested in building great things.
grace_miller,Grace Miller,AI Researcher,Grace is a passionate ai researcher interested in building great things.
wendy_oh,Wendy Oh,AI Researcher,Wendy is a passionate ai researcher interested in building great things.
diana_brown,Diana Brown,Frontend Engineer,Diana is a passionate frontend engineer interested in building great things.
dave_kim,Dave Kim,Senior Engineer,Dave is a passionate senior engineer interested in building great things.
grace_thomas,Grace Thomas,Product Manager,Grace is a passionate product manager interested in building great things.
mona_moreno,Mona Moreno,Solutions Architect,Mona is a passionate solutions architect interested in building great things.
iris_oh,Iris Oh,DevOps Engineer,Iris is a passionate devops engineer interested in building great things.
rachel_santos,Rachel Santos,CTO,Rachel is a passionate cto interested in building great things.
eve_silva,Eve Silva,Principal Engineer,Eve is a passionate principal engineer interested in building great things.
grace_brown,Grace Brown,Principal Engineer,Grace is a passionate principal engineer interested in building great things.
alice_garcia,Alice Garcia,CTO,Alice is a passionate cto interested in building great things.
kate_park,Kate Park,Tech Lead,Kate is a passionate tech lead interested in building great things.
ethan_wilson,Ethan Wilson,Data Scientist,Ethan is a passionate data scientist interested in building great things.
dave_hernandez,Dave Hernandez,Data Scientist,Dave is a passionate data scientist interested in building great things.
alice_wang,Alice Wang,VP Engineering,Alice is a passionate vp engineering interested in building great things.
diana_jackson,Diana Jackson,AI Researcher,Diana is a passionate ai researcher interested in building great things.
tara_fernandez,Tara Fernandez,Full Stack Engineer,Tara is a passionate full stack engineer interested in building great things.
mona_jackson,Mona Jackson,Product Manager,Mona is a passionate product manager interested in building great things.
dave_moreno,Dave Moreno,Data Engineer,Dave is a passionate data engineer interested in building great things.
will_lee,Will Lee,Data Engineer,Will is a passionate data engineer interested in building great things.
dave_perez,Dave Perez,Engineering Manager,Dave is a passionate engineering manager interested in building great things.
hannah_hernandez,Hannah Hernandez,Data Engineer,Hannah is a passionate data engineer interested in building great things.
george_garcia,George Garcia,DevOps Engineer,George is a passionate devops engineer interested in building great things.
eve_jones,Eve Jones,CTO,Eve is a passionate cto interested in building great things.
zoe_davis,Zoe Davis,Staff Engineer,Zoe is a passionate staff engineer interested in building great things.
paul_williams,Paul Williams,Intern,Paul is a passionate intern interested in building great things.
frank_park,Frank Park,Staff Engineer,Frank is a passionate staff engineer interested in building great things.
kevin_reyes,Kevin Reyes,Senior Engineer,Kevin is a passionate senior engineer interested in building great things.
quinn_wilson,Quinn Wilson,Senior Engineer,Quinn is a passionate senior engineer interested in building great things.
paul_taylor,Paul Taylor,Data Scientist,Paul is a passionate data scientist interested in building great things.
iris_martin,Iris Martin,Solutions Architect,Iris is a passionate solutions architect interested in building great things.
uma_jones,Uma Jones,ML Engineer,Uma is a passionate ml engineer interested in building great things.
diana_miller,Diana Miller,Backend Engineer,Diana is a passionate backend engineer interested in building great things.
ian_wilson,Ian Wilson,Engineering Manager,Ian is a passionate engineering manager interested in building great things.
quinn_rodriguez_1,Quinn Rodriguez,Junior Engineer,Quinn is a passionate junior engineer interested in building great things.
eve_thomas,Eve Thomas,Junior Engineer,Eve is a passionate junior engineer interested in building great things.
sam_hernandez,Sam Hernandez,Solutions Architect,Sam is a passionate solutions architect interested in building great things.
ian_martin,Ian Martin,Intern,Ian is a passionate intern interested in building great things.
quinn_reyes,Quinn Reyes,ML Engineer,Quinn is a passionate ml engineer interested in building great things.
ruth_martin,Ruth Martin,Frontend Engineer,Ruth is a passionate frontend engineer interested in building great things.
iris_taylor,Iris Taylor,Frontend Engineer,Iris is a passionate frontend engineer interested in building great things.
grace_martinez,Grace Martinez,VP Engineering,Grace is a passionate vp engineering interested in building great things.
sam_wilson,Sam Wilson,Senior Engineer,Sam is a passionate senior engineer interested in building great things.
neil_taylor,Neil Taylor,Engineering Manager,Neil is a passionate engineering manager interested in building great things.
fiona_taylor,Fiona Taylor,Data Engineer,Fiona is a passionate data engineer interested in building great things.
frank_oh,Frank Oh,VP Engineering,Frank is a passionate vp engineering interested in building great things.
carol_johnson,Carol Johnson,Senior Engineer,Carol is a passionate senior engineer interested in building great things.
iris_taylor_1,Iris Taylor,DevOps Engineer,Iris is a passionate devops engineer interested in building great things.
will_silva,Will Silva,Principal Engineer,Will is a passionate principal engineer interested in building great things.
uri_oh,Uri Oh,Principal Engineer,Uri is a passionate principal engineer interested in building great things.
alice_davis,Alice Davis,Backend Engineer,Alice is a passionate backend engineer interested in building great things.
tara_martinez,Tara Martinez,Principal Engineer,Tara is a passionate principal engineer interested in building great things.
carol_chen,Carol Chen,Staff Engineer,Carol is a passionate staff engineer interested in building great things.
julia_martinez,Julia Martinez,AI Researcher,Julia is a passionate ai researcher interested in building great things.
iris_williams,Iris Williams,Engineering Lead,Iris is a passionate engineering lead interested in building great things.
xavier_williams,Xavier Williams,Junior Engineer,Xavier is a passionate junior engineer interested in building great things.
neil_thomas,Neil Thomas,Frontend Engineer,Neil is a passionate frontend engineer interested in building great things.
wendy_park,Wendy Park,Intern,Wendy is a passionate intern interested in building great things.
will_martinez,Will Martinez,CTO,Will is a passionate cto interested in building great things.
kate_lopez,Kate Lopez,AI Researcher,Kate is a passionate ai researcher interested in building great things.
bob_lopez,Bob Lopez,Senior Engineer,Bob is a passionate senior engineer interested in building great things.
aaron_thomas,Aaron Thomas,VP Engineering,Aaron is a passionate vp engineering interested in building great things.
kate_miller,Kate Miller,Data Scientist,Kate is a passionate data scientist interested in building great things.
carol_perez,Carol Perez,CTO,Carol is a passionate cto interested in building great things.
mona_santos,Mona Santos,Junior Engineer,Mona is a passionate junior engineer interested in building great things.
tina_anderson,Tina Anderson,CTO,Tina is a passionate cto interested in building great things.
bob_gonzalez,Bob Gonzalez,Data Scientist,Bob is a passionate data scientist interested in building great things.
victor_moore,Victor Moore,Backend Engineer,Victor is a passionate backend engineer interested in building great things.
rachel_singh,Rachel Singh,Engineering Manager,Rachel is a passionate engineering manager interested in building great things.
zoe_moreno,Zoe Moreno,Senior Engineer,Zoe is a passionate senior engineer interested in building great things.
bob_davis,Bob Davis,VP Engineering,Bob is a passionate vp engineering interested in building great things.
leo_taylor,Leo Taylor,Data Engineer,Leo is a passionate data engineer interested in building great things.
grace_oh,Grace Oh,Junior Engineer,Grace is a passionate junior engineer interested in building great things.
vera_lee,Vera Lee,AI Researcher,Vera is a passionate ai researcher interested in building great things.
maya_gomez,Maya Gomez,Frontend Engineer,Maya is a passionate frontend engineer interested in building great things.
yara_gonzalez,Yara Gonzalez,VP Engineering,Yara is a passionate vp engineering interested in building great things.
carol_oh,Carol Oh,ML Engineer,Carol is a passionate ml engineer interested in building great things.
hannah_moreno,Hannah Moreno,Product Manager,Hannah is a passionate product manager interested in building great things.
xavier_oh,Xavier Oh,Backend Engineer,Xavier is a passionate backend engineer interested in building great things.
ruth_kumar,Ruth Kumar,Intern,Ruth is a passionate intern interested in building great things.
uma_davis,Uma Davis,Engineering Lead,Uma is a passionate engineering lead interested in building great things.
george_martin,George Martin,AI Researcher,George is a passionate ai researcher interested in building great things.
uma_kim_1,Uma Kim,Engineering Lead,Uma is a passionate engineering lead interested in building great things.
julia_rodriguez,Julia Rodriguez,Product Manager,Julia is a passionate product manager interested in building great things.
aaron_wang,Aaron Wang,DevOps Engineer,Aaron is a passionate devops engineer interested in building great things.
noah_martin,Noah Martin,Data Scientist,Noah is a passionate data scientist interested in building great things.
julia_johnson,Julia Johnson,Engineering Lead,Julia is a passionate engineering lead interested in building great things.
sam_wilson_1,Sam Wilson,AI Researcher,Sam is a passionate ai researcher interested in building great things.
liam_lee,Liam Lee,Solutions Architect,Liam is a passionate solutions architect interested in building great things.
chris_silva,Chris Silva,Product Manager,Chris is a passionate product manager interested in building great things.
george_perez,George Perez,DevOps Engineer,George is a passionate devops engineer interested in building great things.
ruth_garcia,Ruth Garcia,Engineering Lead,Ruth is a passionate engineering lead interested in building great things.
george_kumar,George Kumar,Backend Engineer,George is a passionate backend engineer interested in building great things.
paul_martin,Paul Martin,CTO,Paul is a passionate cto interested in building great things.
mona_martinez,Mona Martinez,ML Engineer,Mona is a passionate ml engineer interested in building great things.
carol_thomas,Carol Thomas,Tech Lead,Carol is a passionate tech lead interested in building great things.
noah_jones,Noah Jones,Solutions Architect,Noah is a passionate solutions architect interested in building great things.
aaron_gonzalez,Aaron Gonzalez,Data Scientist,Aaron is a passionate data scientist interested in building great things.
fiona_kim,Fiona Kim,CTO,Fiona is a passionate cto interested in building great things.
jack_johnson,Jack Johnson,Frontend Engineer,Jack is a passionate frontend engineer interested in building great things.
bella_anderson,Bella Anderson,DevOps Engineer,Bella is a passionate devops engineer interested in building great things.
tara_reyes,Tara Reyes,Solutions Architect,Tara is a passionate solutions architect interested in building great things.
dave_thomas,Dave Thomas,Frontend Engineer,Dave is a passionate frontend engineer interested in building great things.
diana_rodriguez,Diana Rodriguez,Solutions Architect,Diana is a passionate solutions architect interested in building great things.
ruth_reyes,Ruth Reyes,Principal Engineer,Ruth is a passionate principal engineer interested in building great things.
maya_lee,Maya Lee,Solutions Architect,Maya is a passionate solutions architect interested in building great things.
noah_gomez,Noah Gomez,AI Researcher,Noah is a passionate ai researcher interested in building great things.
julia_silva,Julia Silva,DevOps Engineer,Julia is a passionate devops engineer interested in building great things.
will_perez,Will Perez,Solutions Architect,Will is a passionate solutions architect interested in building great things.
quinn_thomas,Quinn Thomas,VP Engineering,Quinn is a passionate vp engineering interested in building great things.
hannah_fernandez,Hannah Fernandez,CTO,Hannah is a passionate cto interested in building great things.
rachel_silva,Rachel Silva,Backend Engineer,Rachel is a passionate backend engineer interested in building great things.
uri_jackson,Uri Jackson,CTO,Uri is a passionate cto interested in building great things.
rachel_kumar,Rachel Kumar,Senior Engineer,Rachel is a passionate senior engineer interested in building great things.
ian_garcia,Ian Garcia,Full Stack Engineer,Ian is a passionate full stack engineer interested in building great things.
jack_anderson,Jack Anderson,Data Scientist,Jack is a passionate data scientist interested in building great things.
tara_martinez_1,Tara Martinez,Product Manager,Tara is a passionate product manager interested in building great things.
eve_park,Eve Park,AI Researcher,Eve is a passionate ai researcher interested in building great things.
victor_moreno,Victor Moreno,Solutions Architect,Victor is a passionate solutions architect interested in building great things.
aaron_brown,Aaron Brown,Product Manager,Aaron is a passionate product manager interested in building great things.
aaron_wang_1,Aaron Wang,Staff Engineer,Aaron is a passionate staff engineer interested in building great things.
tara_smith,Tara Smith,Staff Engineer,Tara is a passionate staff engineer interested in building great things.
yara_perez,Yara Perez,ML Engineer,Yara is a passionate ml engineer interested in building great things.
wendy_martin,Wendy Martin,Data Scientist,Wendy is a passionate data scientist interested in building great things.
aaron_moreno,Aaron Moreno,Principal Engineer,Aaron is a passionate principal engineer interested in building great things.
maya_anderson,Maya Anderson,Tech Lead,Maya is a passionate tech lead interested in building great things.
olivia_moore,Olivia Moore,AI Researcher,Olivia is a passionate ai researcher interested in building great things.
fiona_smith,Fiona Smith,Data Scientist,Fiona is a passionate data scientist interested in building great things.
victor_kim,Victor Kim,DevOps Engineer,Victor is a passionate devops engineer interested in building great things.
diana_rodriguez_1,Diana Rodriguez,Intern,Diana is a passionate intern interested in building great things.
ian_smith,Ian Smith,Data Scientist,Ian is a passionate data scientist interested in building great things.
liam_smith,Liam Smith,Backend Engineer,Liam is a passionate backend engineer interested in building great things.
quinn_oh,Quinn Oh,Full Stack Engineer,Quinn is a passionate full stack engineer interested in building great things.
diana_lopez,Diana Lopez,Data Engineer,Diana is a passionate data engineer interested in building great things.
quinn_wang,Quinn Wang,Senior Engineer,Quinn is a passionate senior engineer interested in building great things.
neil_santos,Neil Santos,Senior Engineer,Neil is a passionate senior engineer interested in building great things.
victor_wang,Victor Wang,VP Engineering,Victor is a passionate vp engineering interested in building great things.
aaron_taylor,Aaron Taylor,Backend Engineer,Aaron is a passionate backend engineer interested in building great things.
ethan_smith,Ethan Smith,Principal Engineer,Ethan is a passionate principal engineer interested in building great things.
dave_singh,Dave Singh,CTO,Dave is a passionate cto interested in building great things.
quinn_jones,Quinn Jones,Data Engineer,Quinn is a passionate data engineer interested in building great things.
bob_thomas,Bob Thomas,Product Manager,Bob is a passionate product manager interested in building great things.
bob_martinez,Bob Martinez,CTO,Bob is a passionate cto interested in building great things.
iris_perez,Iris Perez,Frontend Engineer,Iris is a passionate frontend engineer interested in building great things.
kevin_wilson,Kevin Wilson,Solutions Architect,Kevin is a passionate solutions architect interested in building great things.
tara_taylor,Tara Taylor,Junior Engineer,Tara is a passionate junior engineer interested in building great things.
kate_davis,Kate Davis,DevOps Engineer,Kate is a passionate devops engineer interested in building great things.
tina_miller,Tina Miller,Staff Engineer,Tina is a passionate staff engineer interested in building great things.
bob_martin,Bob Martin,Staff Engineer,Bob is a passionate staff engineer interested in building great things.
stefan_wang,Stefan Wang,Data Scientist,Stefan is a passionate data scientist interested in building great things.
uri_gonzalez,Uri Gonzalez,Backend Engineer,Uri is a passionate backend engineer interested in building great things.
liam_thomas,Liam Thomas,Frontend Engineer,Liam is a passionate frontend engineer interested in building great things.
tara_martin,Tara Martin,Intern,Tara is a passionate intern interested in building great things.
henry_williams,Henry Williams,Junior Engineer,Henry is a passionate junior engineer interested in building great things.
ian_oh,Ian Oh,Junior Engineer,Ian is a passionate junior engineer interested in building great things.
eve_gomez_1,Eve Gomez,Senior Engineer,Eve is a passionate senior engineer interested in building great things.
alice_park,Alice Park,Tech Lead,Alice is a passionate tech lead interested in building great things.
grace_oh_1,Grace Oh,Junior Engineer,Grace is a passionate junior engineer interested in building great things.
pia_santos,Pia Santos,Full Stack Engineer,Pia is a passionate full stack engineer interested in building great things.
bella_lopez,Bella Lopez,Engineering Manager,Bella is a passionate engineering manager interested in building great things.
quinn_moore,Quinn Moore,Intern,Quinn is a passionate intern interested in building great things.
ian_perez,Ian Perez,Solutions Architect,Ian is a passionate solutions architect interested in building great things.
bella_moore,Bella Moore,Senior Engineer,Bella is a passionate senior engineer interested in building great things.
paul_garcia,Paul Garcia,VP Engineering,Paul is a passionate vp engineering interested in building great things.
chris_thomas,Chris Thomas,Solutions Architect,Chris is a passionate solutions architect interested in building great things.
kevin_wang,Kevin Wang,Senior Engineer,Kevin is a passionate senior engineer interested in building great things.
bob_fernandez,Bob Fernandez,Senior Engineer,Bob is a passionate senior engineer interested in building great things.
leo_fernandez,Leo Fernandez,Product Manager,Leo is a passionate product manager interested in building great things.
wendy_taylor,Wendy Taylor,Senior Engineer,Wendy is a passionate senior engineer interested in building great things.
rachel_moore,Rachel Moore,Principal Engineer,Rachel is a passionate principal engineer interested in building great things.
alice_reyes,Alice Reyes,Product Manager,Alice is a passionate product manager interested in building great things.
frank_thomas,Frank Thomas,AI Researcher,Frank is a passionate ai researcher interested in building great things.
fiona_thomas,Fiona Thomas,Tech Lead,Fiona is a passionate tech lead interested in building great things.
quinn_fernandez_1,Quinn Fernandez,Solutions Architect,Quinn is a passionate solutions architect interested in building great things.
bob_garcia,Bob Garcia,Engineering Lead,Bob is a passionate engineering lead interested in building great things.
olivia_kim,Olivia Kim,CTO,Olivia is a passionate cto interested in building great things.
tina_chen,Tina Chen,Tech Lead,Tina is a passionate tech lead interested in building great things.
julia_reyes,Julia Reyes,Junior Engineer,Julia is a passionate junior engineer interested in building great things.
bella_kumar,Bella Kumar,Junior Engineer,Bella is a passionate junior engineer interested in building great things.
tara_santos,Tara Santos,VP Engineering,Tara is a passionate vp engineering interested in building great things.
tina_taylor,Tina Taylor,CTO,Tina is a passionate cto interested in building great things.
henry_gonzalez,Henry Gonzalez,Senior Engineer,Henry is a passionate senior engineer interested in building great things.
henry_moreno,Henry Moreno,DevOps Engineer,Henry is a passionate devops engineer interested in building great things.
mona_wilson,Mona Wilson,Tech Lead,Mona is a passionate tech lead interested in building great things.
rachel_reyes,Rachel Reyes,Intern,Rachel is a passionate intern interested in building great things.
sam_miller,Sam Miller,Product Manager,Sam is a passionate product manager interested in building great things.
sam_anderson,Sam Anderson,Junior Engineer,Sam is a passionate junior engineer interested in building great things.
leo_martin,Leo Martin,ML Engineer,Leo is a passionate ml engineer interested in building great things.
uri_moreno,Uri Moreno,Full Stack Engineer,Uri is a passionate full stack engineer interested in building great things.
rachel_williams,Rachel Williams,Data Engineer,Rachel is a passionate data engineer interested in building great things.
julia_jackson,Julia Jackson,Full Stack Engineer,Julia is a passionate full stack engineer interested in building great things.
pia_fernandez,Pia Fernandez,Frontend Engineer,Pia is a passionate frontend engineer interested in building great things.
alice_jackson,Alice Jackson,Tech Lead,Alice is a passionate tech lead interested in building great things.
ethan_silva,Ethan Silva,Senior Engineer,Ethan is a passionate senior engineer interested in building great things.
leo_brown,Leo Brown,VP Engineering,Leo is a passionate vp engineering interested in building great things.
ethan_davis,Ethan Davis,Backend Engineer,Ethan is a passionate backend engineer interested in building great things.
zoe_fernandez,Zoe Fernandez,Backend Engineer,Zoe is a passionate backend engineer interested in building great things.
kevin_brown,Kevin Brown,Full Stack Engineer,Kevin is a passionate full stack engineer interested in building great things.
jack_martin,Jack Martin,Backend Engineer,Jack is a passionate backend engineer interested in building great things.
paul_davis,Paul Davis,Principal Engineer,Paul is a passionate principal engineer interested in building great things.
aaron_anderson,Aaron Anderson,Engineering Manager,Aaron is a passionate engineering manager interested in building great things.
yara_silva,Yara Silva,Solutions Architect,Yara is a passionate solutions architect interested in building great things.
tina_oh,Tina Oh,Engineering Lead,Tina is a passionate engineering lead interested in building great things.
kevin_brown_1,Kevin Brown,Intern,Kevin is a passionate intern interested in building great things.
will_miller,Will Miller,Product Manager,Will is a passionate product manager interested in building great things.
pia_wilson,Pia Wilson,VP Engineering,Pia is a passionate vp engineering interested in building great things.
ruth_garcia_1,Ruth Garcia,DevOps Engineer,Ruth is a passionate devops engineer interested in building great things.
paul_lopez,Paul Lopez,Principal Engineer,Paul is a passionate principal engineer interested in building great things.
eve_hernandez,Eve Hernandez,ML Engineer,Eve is a passionate ml engineer interested in building great things.
aaron_silva,Aaron Silva,Intern,Aaron is a passionate intern interested in building great things.
ethan_jackson,Ethan Jackson,Data Engineer,Ethan is a passionate data engineer interested in building great things.
olivia_jackson,Olivia Jackson,Engineering Lead,Olivia is a passionate engineering lead interested in building great things.
tara_santos_1,Tara Santos,Backend Engineer,Tara is a passionate backend engineer interested in building great things.
stefan_anderson,Stefan Anderson,VP Engineering,Stefan is a passionate vp engineering interested in building great things.
pia_gonzalez,Pia Gonzalez,AI Researcher,Pia is a passionate ai researcher interested in building great things.
henry_moreno_1,Henry Moreno,CTO,Henry is a passionate cto interested in building great things.
quinn_martinez,Quinn Martinez,VP Engineering,Quinn is a passionate vp engineering interested in building great things.
jack_jones,Jack Jones,Data Engineer,Jack is a passionate data engineer interested in building great things.
kate_martin,Kate Martin,Intern,Kate is a passionate intern interested in building great things.
will_jackson,Will Jackson,Solutions Architect,Will is a passionate solutions architect interested in building great things.
henry_santos,Henry Santos,Engineering Lead,Henry is a passionate engineering lead interested in building great things.
tara_kim,Tara Kim,VP Engineering,Tara is a passionate vp engineering interested in building great things.
george_moreno,George Moreno,Tech Lead,George is a passionate tech lead interested in building great things.
chris_garcia,Chris Garcia,Intern,Chris is a passionate intern interested in building great things.
carol_oh_1,Carol Oh,Senior Engineer,Carol is a passionate senior engineer interested in building great things.
maya_taylor,Maya Taylor,ML Engineer,Maya is a passionate ml engineer interested in building great things.
frank_anderson,Frank Anderson,Staff Engineer,Frank is a passionate staff engineer interested in building great things.
liam_smith_1,Liam Smith,VP Engineering,Liam is a passionate vp engineering interested in building great things.
kevin_williams,Kevin Williams,DevOps Engineer,Kevin is a passionate devops engineer interested in building great things.
ethan_reyes,Ethan Reyes,Solutions Architect,Ethan is a passionate solutions architect interested in building great things.
rachel_lopez,Rachel Lopez,Staff Engineer,Rachel is a passionate staff engineer interested in building great things.
bella_fernandez,Bella Fernandez,Backend Engineer,Bella is a passionate backend engineer interested in building great things.
ethan_singh,Ethan Singh,AI Researcher,Ethan is a passionate ai researcher interested in building great things.
victor_lee,Victor Lee,Frontend Engineer,Victor is a passionate frontend engineer interested in building great things.
kate_kumar,Kate Kumar,AI Researcher,Kate is a passionate ai researcher interested in building great things.
tara_fernandez_1,Tara Fernandez,Engineering Lead,Tara is a passionate engineering lead interested in building great things.
ruth_kim,Ruth Kim,Principal Engineer,Ruth is a passionate principal engineer interested in building great things.
carol_santos,Carol Santos,Backend Engineer,Carol is a passionate backend engineer interested in building great things.
uma_taylor,Uma Taylor,Senior Engineer,Uma is a passionate senior engineer interested in building great things.
henry_kim,Henry Kim,Engineering Manager,Henry is a passionate engineering manager interested in building great things.
alice_moreno,Alice Moreno,Solutions Architect,Alice is a passionate solutions architect interested in building great things.
aaron_brown_1,Aaron Brown,Product Manager,Aaron is a passionate product manager interested in building great things.
hannah_chen,Hannah Chen,Intern,Hannah is a passionate intern interested in building great things.
fiona_silva,Fiona Silva,Data Engineer,Fiona is a passionate data engineer interested in building great things.
neil_moore_1,Neil Moore,Principal Engineer,Neil is a passionate principal engineer interested in building great things.
iris_jackson,Iris Jackson,Solutions Architect,Iris is a passionate solutions architect interested in building great things.
