person_id,event_id,role,year
mona_moreno,event_0,organizer,2025
eve_williams,event_0,organizer,2025
quinn_kumar,event_0,organizer,2025
diana_wang,event_0,organizer,2025
tara_fernandez,event_0,organizer,2025
ian_wilson,event_0,organizer,2025
ian_garcia,event_0,organizer,2025
diana_rodriguez_1,event_0,attendee,2025
alice_reyes,event_0,organizer,2025
julia_rodriguez,event_0,speaker,2025
uri_brown,event_0,organizer,2025
victor_wang,event_0,organizer,2025
tara_smith,event_0,organizer,2025
ruth_martin,event_0,organizer,2025
grace_thomas,event_0,organizer,2025
liam_thomas,event_0,attendee,2025
uri_gonzalez,event_0,speaker,2025
tara_santos,event_0,organizer,2025
noah_martin,event_0,organizer,2025
iris_perez,event_0,attendee,2025
julia_jackson,event_0,speaker,2025
ian_perez,event_0,speaker,2025
uma_jones,event_0,organizer,2025
dave_kim,event_0,organizer,2025
dave_hernandez,event_0,organizer,2025
hannah_johnson,event_0,speaker,2025
kevin_reyes,event_0,attendee,2025
ethan_park,event_0,organizer,2025
bella_lopez,event_0,organizer,2025
ethan_silva,event_0,attendee,2025
carol_santos,event_0,attendee,2025
quinn_reyes,event_0,organizer,2025
quinn_jones,event_0,attendee,2025
will_oh,event_0,organizer,2025
ethan_wilson,event_0,speaker,2025
ethan_davis,event_0,speaker,2025
alice_park,event_0,attendee,2025
frank_thomas,event_0,attendee,2025
henry_chen,event_0,speaker,2025
ruth_kumar,event_0,speaker,2025
noah_gomez,event_0,attendee,2025
dave_anderson,event_0,speaker,2025
diana_johnson,event_1,attendee,2025
pia_wilson,event_1,attendee,2025
bob_lopez,event_1,speaker,2025
liam_smith_1,event_1,speaker,2025
dave_singh,event_1,organizer,2025
tara_martin,event_1,organizer,2025
bob_gonzalez,event_1,organizer,2025
ian_gonzalez,event_1,speaker,2025
henry_gonzalez,event_1,organizer,2025
quinn_fernandez_1,event_1,organizer,2025
henry_kim,event_1,speaker,2025
olivia_kim,event_1,organizer,2025
julia_anderson,event_1,speaker,2025
yara_silva,event_1,attendee,2025
bob_garcia,event_1,attendee,2025
julia_silva,event_1,organizer,2025
iris_oh,event_1,attendee,2025
aaron_anderson,event_1,attendee,2025
uri_lee,event_1,speaker,2025
kevin_perez,event_1,speaker,2025
grace_oh_1,event_1,organizer,2025
jack_hernandez,event_1,speaker,2025
bella_fernandez,event_1,organizer,2025
kate_chen,event_1,organizer,2025
olivia_johnson,event_1,speaker,2025
tara_reyes,event_1,organizer,2025
ruth_garcia_1,event_1,attendee,2025
victor_lee,event_1,attendee,2025
tara_martinez,event_1,attendee,2025
tara_santos,event_1,speaker,2025
aaron_wang_1,event_1,attendee,2025
quinn_oh,event_1,organizer,2025
grace_miller,event_2,attendee,2025
carol_oh,event_2,attendee,2025
carol_johnson,event_2,speaker,2025
sam_wilson,event_2,organizer,2025
rachel_santos,event_2,organizer,2025
tina_miller,event_2,organizer,2025
neil_thomas,event_2,organizer,2025
tina_taylor,event_2,speaker,2025
neil_taylor,event_2,organizer,2025
aaron_brown,event_2,organizer,2025
wendy_oh,event_2,speaker,2025
pia_santos,event_2,organizer,2025
quinn_kumar,event_2,organizer,2025
grace_brown,event_2,organizer,2025
tina_chen,event_2,organizer,2025
will_miller,event_2,attendee,2025
alice_wang,event_2,attendee,2025
yara_silva,event_2,attendee,2025
maya_hernandez,event_2,organizer,2025
jack_jones,event_2,organizer,2025
sam_oh,event_2,speaker,2025
ethan_reyes,event_2,organizer,2025
leo_fernandez,event_2,speaker,2025
iris_jackson,event_2,organizer,2025
ethan_silva,event_2,attendee,2025
ruth_garcia_1,event_2,organizer,2025
sam_hernandez,event_2,organizer,2025
hannah_chen,event_2,attendee,2025
quinn_rodriguez_1,event_2,organizer,2025
kate_park,event_2,organizer,2025
ethan_park,event_2,organizer,2025
kevin_wilson,event_2,organizer,2025
hannah_fernandez,event_2,speaker,2025
bob_martinez,event_2,organizer,2025
quinn_moore,event_2,attendee,2025
vera_lee,event_2,speaker,2025
julia_johnson,event_2,organizer,2025
stefan_wang,event_2,speaker,2025
tara_smith,event_2,organizer,2025
noah_jones,event_2,organizer,2025
julia_reyes,event_2,organizer,2025
bella_lopez,event_3,speaker,2025
will_jackson,event_3,organizer,2025
george_kumar,event_3,attendee,2025
bella_moore,event_3,attendee,2025
dave_anderson,event_3,attendee,2025
stefan_anderson,event_3,speaker,2025
grace_miller,event_3,organizer,2025
quinn_rodriguez,event_3,attendee,2025
bob_thomas,event_3,organizer,2025
dave_perez,event_3,organizer,2025
grace_martin,event_3,organizer,2025
maya_gonzalez,event_3,speaker,2025
will_silva,event_3,speaker,2025
uma_kim_1,event_3,organizer,2025
quinn_wilson,event_3,organizer,2025
maya_gomez,event_3,speaker,2025
uma_fernandez,event_3,attendee,2025
aaron_gonzalez,event_3,organizer,2025
alice_davis,event_3,speaker,2025
chris_garcia,event_3,organizer,2025
iris_gomez,event_3,attendee,2025
diana_rodriguez_1,event_3,attendee,2025
julia_reyes,event_3,organizer,2025
kevin_perez,event_3,attendee,2025
victor_lee,event_3,organizer,2025
bob_lopez,event_3,attendee,2025
tara_taylor,event_3,speaker,2025
victor_moore,event_3,organizer,2025
paul_lopez,event_3,organizer,2025
paul_martin,event_3,speaker,2025
sam_oh,event_3,attendee,2025
kevin_wilson,event_3,speaker,2025
noah_gomez,event_3,attendee,2025
kevin_williams,event_3,attendee,2025
uri_oh,event_3,organizer,2025
fiona_thomas,event_3,speaker,2025
aaron_thomas,event_3,speaker,2025
quinn_wang,event_3,speaker,2025
maya_taylor,event_3,speaker,2025
carol_johnson,event_3,attendee,2025
frank_oh,event_3,organizer,2025
noah_jones,event_3,organizer,2025
olivia_kim,event_3,speaker,2025
sam_hernandez,event_3,organizer,2025
kate_taylor,event_3,organizer,2025
grace_martinez,event_3,attendee,2025
quinn_rodriguez_1,event_3,attendee,2025
aaron_silva,event_3,organizer,2025
rachel_santos,event_3,speaker,2025
dave_singh,event_3,speaker,2025
yara_santos,event_3,attendee,2025
kevin_wang,event_3,organizer,2025
liam_lee,event_3,organizer,2025
rachel_lopez,event_3,organizer,2025
george_martin,event_3,attendee,2025
ethan_wilson,event_3,attendee,2025
iris_jackson,event_3,organizer,2025
carol_oh,event_3,speaker,2025
maya_hernandez,event_3,speaker,2025
jack_anderson,event_3,attendee,2025
hannah_moreno,event_4,attendee,2025
george_moreno,event_4,speaker,2025
george_perez,event_4,speaker,2025
quinn_rodriguez,event_4,speaker,2025
ethan_jackson,event_4,speaker,2025
aaron_taylor,event_4,organizer,2025
aaron_silva,event_4,speaker,2025
ruth_garcia_1,event_4,speaker,2025
bob_garcia,event_4,speaker,2025
ethan_davis,event_4,attendee,2025
stefan_moreno,event_4,speaker,2025
aaron_gonzalez,event_4,organizer,2025
fiona_taylor,event_4,attendee,2025
hannah_fernandez,event_4,organizer,2025
hannah_silva,event_4,attendee,2025
eve_gomez,event_4,organizer,2025
uma_jones,event_4,organizer,2025
tara_kim,event_4,organizer,2025
will_jackson,event_4,attendee,2025
vera_thomas,event_4,organizer,2025
paul_brown,event_4,organizer,2025
julia_martinez,event_4,attendee,2025
xavier_williams,event_4,organizer,2025
paul_garcia,event_4,attendee,2025
ethan_park,event_4,speaker,2025
tara_martinez,event_4,organizer,2025
wendy_taylor,event_4,attendee,2025
ian_rodriguez,event_4,speaker,2025
zoe_davis,event_4,organizer,2025
henry_gonzalez,event_4,speaker,2025
jack_anderson,event_4,organizer,2025
maya_jones,event_4,attendee,2025
victor_smith,event_4,speaker,2025
ruth_perez,event_4,speaker,2025
grace_martin,event_4,speaker,2025
ian_martin,event_4,speaker,2025
maya_gomez,event_4,organizer,2025
bella_fernandez,event_4,attendee,2025
alice_moreno,event_4,speaker,2025
will_jackson,event_5,speaker,2025
will_martinez,event_5,organizer,2025
diana_jackson,event_5,organizer,2025
kate_davis,event_5,attendee,2025
maya_taylor,event_5,attendee,2025
aaron_gonzalez,event_5,attendee,2025
will_lee,event_5,attendee,2025
fiona_kim,event_5,organizer,2025
aaron_taylor,event_5,speaker,2025
pia_anderson,event_5,attendee,2025
ethan_reyes,event_5,attendee,2025
rachel_lopez,event_5,attendee,2025
dave_moreno,event_5,organizer,2025
grace_brown,event_5,organizer,2025
quinn_johnson,event_5,attendee,2025
maya_hernandez,event_5,organizer,2025
henry_kim,event_5,speaker,2025
tina_miller,event_5,organizer,2025
tara_kim,event_5,organizer,2025
frank_anderson,event_5,attendee,2025
paul_anderson,event_5,speaker,2025
dave_thomas,event_5,organizer,2025
julia_martinez,event_5,attendee,2025
yara_perez,event_5,speaker,2025
iris_williams,event_5,attendee,2025
fiona_silva,event_6,organizer,2025
ethan_davis,event_6,organizer,2025
jack_anderson,event_6,organizer,2025
victor_kim,event_6,speaker,2025
kate_park,event_6,speaker,2025
bob_gonzalez,event_6,speaker,2025
ian_rodriguez_1,event_6,attendee,2025
ruth_garcia,event_6,organizer,2025
vera_fernandez,event_6,organizer,2025
frank_oh,event_6,speaker,2025
will_perez,event_6,speaker,2025
leo_brown,event_6,speaker,2025
tina_chen,event_6,speaker,2025
ian_garcia,event_6,speaker,2025
dave_thomas,event_6,speaker,2025
iris_jackson,event_6,speaker,2025
zoe_davis,event_6,organizer,2025
tara_fernandez_1,event_6,attendee,2025
ruth_kim,event_6,attendee,2025
quinn_oh,event_6,organizer,2025
julia_silva,event_6,organizer,2025
kevin_wang,event_6,attendee,2025
diana_miller,event_6,speaker,2025
maya_hernandez,event_6,attendee,2025
noah_gomez,event_6,organizer,2025
grace_oh,event_6,attendee,2025
kate_lopez,event_6,speaker,2025
maya_oh,event_7,attendee,2025
kate_taylor,event_7,attendee,2025
uri_lee,event_7,organizer,2025
pia_wilson,event_7,speaker,2025
zoe_chen,event_7,attendee,2025
fiona_silva,event_7,organizer,2025
hannah_chen,event_7,organizer,2025
henry_williams,event_7,organizer,2025
iris_williams,event_7,speaker,2025
jack_hernandez,event_7,organizer,2025
kevin_williams,event_7,speaker,2025
ruth_kumar,event_7,organizer,2025
carol_oh_1,event_7,organizer,2025
george_moreno,event_7,organizer,2025
leo_martin,event_7,attendee,2025
george_garcia,event_7,speaker,2025
diana_lopez,event_7,organizer,2025
kate_davis,event_7,speaker,2025
bob_lopez,event_7,speaker,2025
mona_martinez,event_7,organizer,2025
alice_wang,event_7,organizer,2025
mona_wilson,event_7,attendee,2025
tina_oh,event_7,organizer,2025
paul_lopez,event_7,speaker,2025
olivia_johnson,event_7,speaker,2025
stefan_wang,event_7,attendee,2025
quinn_oh,event_7,organizer,2025
kevin_brown_1,event_7,speaker,2025
pia_anderson,event_7,speaker,2025
rachel_singh,event_7,speaker,2025
iris_martin,event_7,speaker,2025
aaron_silva,event_7,speaker,2025
mona_jackson,event_7,organizer,2025
bob_garcia,event_7,attendee,2025
kevin_reyes,event_7,organizer,2025
ian_martin,event_7,attendee,2025
tara_fernandez_1,event_7,speaker,2025
dave_perez,event_7,attendee,2025
ethan_silva,event_7,attendee,2025
diana_rodriguez_1,event_7,attendee,2025
yara_santos,event_7,organizer,2025
will_martinez,event_7,organizer,2025
ethan_davis,event_7,speaker,2025
mona_santos,event_7,attendee,2025
henry_chen,event_7,attendee,2025
george_martin,event_7,attendee,2025
neil_santos,event_7,attendee,2025
tina_anderson,event_7,speaker,2025
quinn_johnson,event_7,organizer,2025
tara_martinez,event_7,organizer,2025
olivia_jackson,event_7,attendee,2025
ian_smith,event_7,organizer,2025
kevin_wilson,event_7,attendee,2025
sam_anderson,event_7,speaker,2025
bella_kumar,event_7,speaker,2025
alice_jackson,event_8,organizer,2025
pia_fernandez,event_8,organizer,2025
julia_martinez,event_8,organizer,2025
quinn_wilson,event_8,speaker,2025
alice_park,event_8,attendee,2025
quinn_santos,event_8,attendee,2025
bob_davis,event_8,speaker,2025
stefan_moreno,event_8,organizer,2025
kate_park,event_8,speaker,2025
henry_kim,event_8,speaker,2025
alice_wang,event_8,attendee,2025
eve_hernandez,event_8,attendee,2025
yara_santos,event_8,speaker,2025
hannah_hernandez,event_8,organizer,2025
maya_gonzalez,event_8,attendee,2025
uma_jones,event_8,organizer,2025
xavier_oh,event_8,attendee,2025
quinn_reyes,event_8,organizer,2025
ethan_jackson,event_8,organizer,2025
henry_williams,event_8,organizer,2025
kate_kumar,event_8,speaker,2025
uri_lee,event_8,attendee,2025
tara_smith,event_9,organizer,2025
bella_kumar,event_9,organizer,2025
vera_fernandez,event_9,speaker,2025
carol_perez,event_9,speaker,2025
dave_singh,event_9,organizer,2025
iris_perez,event_9,speaker,2025
dave_hernandez,event_9,organizer,2025
wendy_oh,event_9,speaker,2025
eve_wilson,event_9,organizer,2025
uri_oh,event_9,speaker,2025
stefan_anderson,event_9,organizer,2025
will_miller,event_9,speaker,2025
quinn_moore,event_9,attendee,2025
george_garcia,event_9,speaker,2025
eve_gomez,event_9,organizer,2025
sam_hernandez,event_9,organizer,2025
rachel_williams,event_9,speaker,2025
maya_jones,event_9,attendee,2025
kate_martin,event_9,speaker,2025
kevin_brown_1,event_9,organizer,2025
iris_oh,event_9,organizer,2025
uri_brown,event_9,speaker,2025
alice_jackson,event_9,speaker,2025
ethan_wilson,event_9,speaker,2025
george_moreno,event_9,organizer,2025
kate_chen,event_9,speaker,2025
bob_fernandez,event_9,organizer,2025
ian_perez,event_9,speaker,2025
neil_santos,event_9,organizer,2025
stefan_moreno,event_9,attendee,2025
jack_jones,event_9,organizer,2025
kevin_wang,event_9,attendee,2025
bob_thomas,event_9,organizer,2025
maya_anderson,event_9,attendee,2025
alice_moreno,event_9,speaker,2025
rachel_fernandez,event_9,organizer,2025
paul_garcia,event_9,attendee,2025
alice_wang,event_9,attendee,2025
carol_oh,event_9,attendee,2025
julia_jackson,event_9,organizer,2025
tina_anderson,event_9,speaker,2025
hannah_silva,event_9,speaker,2025
ruth_garcia,event_9,organizer,2025
carol_oh_1,event_9,organizer,2025
eve_gomez_1,event_9,organizer,2025
hannah_moreno,event_9,organizer,2025
sam_wilson,event_9,organizer,2025
maya_hernandez,event_9,attendee,2025
vera_thomas,event_9,attendee,2025
aaron_brown_1,event_9,speaker,2025
tara_santos_1,event_9,organizer,2025
ethan_smith,event_9,attendee,2025
tara_martinez,event_9,attendee,2025
julia_silva,event_9,attendee,2025
liam_smith,event_9,speaker,2025
grace_miller,event_9,organizer,2025
paul_williams,event_9,speaker,2025
chris_thomas,event_9,attendee,2025
uma_davis,event_10,organizer,2025
kate_lopez,event_10,organizer,2025
neil_santos,event_10,attendee,2025
ian_gonzalez,event_10,organizer,2025
maya_jones,event_10,attendee,2025
bob_martinez,event_10,organizer,2025
liam_thomas,event_10,attendee,2025
tara_santos_1,event_10,speaker,2025
george_kumar,event_10,attendee,2025
xavier_hernandez,event_10,organizer,2025
eve_thomas,event_10,attendee,2025
paul_davis,event_10,attendee,2025
alice_reyes,event_10,attendee,2025
pia_anderson,event_10,speaker,2025
uri_oh,event_10,speaker,2025
olivia_jackson,event_10,speaker,2025
frank_oh,event_10,organizer,2025
frank_brown,event_10,speaker,2025
paul_lopez,event_10,speaker,2025
will_silva,event_11,attendee,2025
olivia_jackson,event_11,organizer,2025
uma_kim,event_11,speaker,2025
vera_fernandez,event_11,attendee,2025
olivia_johnson,event_11,speaker,2025
liam_smith_1,event_11,attendee,2025
ruth_garcia,event_11,speaker,2025
ethan_singh,event_11,organizer,2025
neil_moore_1,event_11,organizer,2025
aaron_moreno,event_11,speaker,2025
wendy_martin,event_11,attendee,2025
sam_wilson_1,event_11,organizer,2025
aaron_thomas,event_11,attendee,2025
frank_oh,event_11,speaker,2025
bella_kumar,event_11,speaker,2025
tara_martin,event_11,speaker,2025
alice_moreno,event_11,attendee,2025
maya_hernandez,event_11,organizer,2025
ruth_kumar,event_11,speaker,2025
eve_thomas,event_11,attendee,2025
ian_oh,event_11,organizer,2025
pia_wilson,event_11,organizer,2025
grace_miller,event_11,attendee,2025
ruth_perez,event_11,speaker,2025
kevin_brown_1,event_11,organizer,2025
noah_jones,event_11,attendee,2025
aaron_wang_1,event_11,attendee,2025
mona_moreno,event_11,organizer,2025
eve_hernandez,event_11,attendee,2025
hannah_moreno,event_11,speaker,2025
tara_kim,event_11,attendee,2025
maya_gomez,event_11,attendee,2025
fiona_thomas,event_11,attendee,2025
dave_singh,event_11,attendee,2025
kate_kumar,event_11,organizer,2025
ethan_silva,event_11,speaker,2025
bob_davis,event_11,attendee,2025
aaron_brown,event_11,attendee,2025
tina_taylor,event_11,attendee,2025
henry_gonzalez,event_11,attendee,2025
will_oh,event_11,organizer,2025
alice_jackson,event_11,organizer,2025
xavier_oh,event_11,speaker,2025
kevin_garcia,event_11,organizer,2025
bob_thomas,event_11,attendee,2025
will_martinez,event_11,organizer,2025
carol_perez,event_11,attendee,2025
julia_silva,event_11,speaker,2025
grace_oh_1,event_11,speaker,2025
olivia_moore,event_11,organizer,2025
ethan_jackson,event_11,speaker,2025
henry_santos,event_11,speaker,2025
